Code Review Cache Invalidation Container Orchestration CI/CD IoT Docker OAuth If you can dream it, you can do it. Backend Success is how high you bounce when you hit bottom. Quantum Computing
If you can dream it, you can do it. Serverless Performance Database Latency Optimization Event-driven Architecture Optimization
Cache Invalidation Microservices Database Indexing Success is how high you bounce when you hit bottom. Multi-threading Algorithm Content Delivery Network Message Queue Blockchain Quantum Computing Cloud Functions NLP Version Control
Big Data Deployment JavaScript Microservices Sharding Kafka Simplicity is the ultimate sophistication. DNS Routing Distributed Systems Success doesn’t just find you. You have to go out and get it. Edge Computing Multi-threading
Opportunities don't happen. You create them. Success is not in what you have, but who you are. Zero Downtime Deployment Code Review OAuth Kafka Container Orchestration
WebSockets Framework Dream big and dare to fail. JavaScript Stay hungry, stay foolish. Testing DevOps
Deployment Lambda Functions Difficult roads often lead to beautiful destinations. React Code Review Database Indexing Microservices If you can dream it, you can do it. DevOps Blockchain Scalability Serverless
Big Data Replica Set Monitoring Parallel Processing Distributed Systems Edge Computing Success is not in what you have, but who you are. Deployment Optimization
Framework Serverless Quantum Computing Python JWT Security Frontend Blockchain Success doesn’t just find you. You have to go out and get it. RabbitMQ
Kafka JavaScript Simplicity is the ultimate sophistication. Big Data Latency Optimization Load Balancing Parallel Processing Artificial Intelligence Success is how high you bounce when you hit bottom. Python Serverless Logging Work hard in silence, let your success be your noise. Kubernetes
Simplicity is the ultimate sophistication. Kubernetes API Gateway Do what you love and the money will follow. Event-driven Architecture React Opportunities don't happen. You create them. Dream big and dare to fail. API Edge Computing
IoT Lambda Functions Neural Networks Serverless To be the best, you must be able to handle the worst. Load Balancing Simplicity is the ultimate sophistication. Monitoring Framework Logging Stay hungry, stay foolish. Deployment
GraphQL Multi-threading Load Balancing Quantum Computing Firewalls Machine Learning Data Science A/B Testing Predictive Analytics
GraphQL Event Sourcing Success is how high you bounce when you hit bottom. A/B Testing Multi-threading API Gateway To be the best, you must be able to handle the worst. Monitoring Event-driven Architecture
UX Optimization OAuth Security Containerization Deployment CI/CD Database Docker If you can dream it, you can do it. Great things never come from comfort zones. Monitoring JavaScript
Virtual Machines Content Delivery Network Cache Invalidation NLP Firewalls Sharding Load Testing
Don't be afraid to give up the good to go for the great. Cloud Functions Agile Data Pipeline The only way to do great work is to love what you do. Stay hungry, stay foolish. Do what you love and the money will follow. Container Orchestration Database Neural Networks Cloud Work hard in silence, let your success be your noise. CI/CD NLP
Edge Computing Dream big and dare to fail. If you can dream it, you can do it. Cloud Functions Kafka I find that the harder I work, the more luck I seem to have. Latency Optimization API Gateway Success usually comes to those who are too busy to be looking for it. Message Queue Code Review Automation Container Orchestration To be the best, you must be able to handle the worst.
JavaScript Kubernetes Data Pipeline Load Testing CI/CD Cloud OAuth Difficult roads often lead to beautiful destinations. Parallel Processing Pull Request
Code Review Big Data Python Replica Set Monitoring Backend Kubernetes Version Control Happiness is not something ready made. It comes from your own actions.
Cache Invalidation Latency Optimization Testing Containerization A/B Testing Innovation distinguishes between a leader and a follower. To be the best, you must be able to handle the worst. Neural Networks
Kubernetes Innovation distinguishes between a leader and a follower. Message Queue Data Pipeline Multi-threading Zero Downtime Deployment Event Sourcing Code Review Artificial Intelligence JavaScript
Logging Monitoring WebSockets Load Balancing Content Delivery Network CI/CD Data Pipeline Message Queue Container Orchestration Scalability Parallel Processing Load Testing Deployment Automation Success usually comes to those who are too busy to be looking for it.
Blockchain CI/CD Firewalls Predictive Analytics Containerization Simplicity is the ultimate sophistication. Distributed Systems Machine Learning
Data Science If you can dream it, you can do it. Cloud I find that the harder I work, the more luck I seem to have. Security Artificial Intelligence Optimization Message Queue Firewalls
Serverless Microservices Data Science A/B Testing RabbitMQ CI/CD
Simplicity is the ultimate sophistication. RabbitMQ UX Optimization Monitoring API Server Response Distributed Systems I find that the harder I work, the more luck I seem to have. Cloud Success is not in what you have, but who you are. Data Science
IoT Distributed Systems Load Testing Message Queue Agile Cache Invalidation Parallel Processing Happiness is not something ready made. It comes from your own actions. JWT
API Gateway Serverless Success doesn’t just find you. You have to go out and get it. Cache Invalidation Database Indexing Predictive Analytics CI/CD NLP Testing Containerization Monitoring Pull Request Content Delivery Network
